year,month,day,title,start_time,end_time,location,map_url,link,link_label,description
2026,4,20,定期総会,10:00,12:00,小室コミュニティセンター,https://www.google.com/maps/search/?api=1&query=%E5%B0%8F%E5%AE%A4%E3%82%B3%E3%83%9F%E3%83%A5%E3%83%8B%E3%83%86%E3%82%A3%E3%82%BB%E3%83%B3%E3%82%BF%E3%83%BC,,,2026年度の活動報告と役員選出|資料は当日配布します
2026,5,11,春の清掃活動,9:00,11:00,団地内各所,,,,団地内の美化活動|詳細は回覧でお知らせします
2026,7,,夏の防犯パトロール,18:30,20:00,団地内各所,,https://www.city.funabashi.lg.jp/,船橋市の防犯情報,7月より夕方の見回りを実施|参加希望の方は階段委員まで
2026,8,16,盆踊り・夏祭り,16:00,21:00,団地内公園（特設会場）,https://www.google.com/maps/search/?api=1&query=%E8%88%B9%E6%A9%8B%E5%B8%82%E5%B0%8F%E5%AE%A4%E7%94%BA+%E5%85%AC%E5%9C%92,,,雨天時は中止または延期|出店・模擬店あり|詳細は広報紙・回覧をご確認ください
2026,9,14,防災訓練,9:30,11:30,集会所・団地内,,,,避難経路の確認|初期消火の実地訓練|動きやすい服装でご参加ください
2026,10,12,秋の資源回収,8:00,11:00,団地指定の回収場所,,,,古紙・古着などの回収|当日朝の指定場所へお持ちください
2026,12,20,年末回覧・年末警戒,,,団地内各所,,,,年末年始の注意事項を回覧します|警戒活動は別途回覧で案内
2027,1,,新年のご挨拶（広報紙）,,,,,,,"タウンタウン1月号を発行"
2027,3,,会計監査・総会準備,,,,,,,"次年度総会に向けた準備|日程は追ってお知らせします"
