year,month,title,url,latest,description
2026,9,タウンタウン 2026年9月号,https://drive.google.com/open?id=1aCJ5308_uBKtUIKM1Vv5mEO-b8tX_wQb&usp=drive_fs,1,敬老祝賀会開催のお知らせ|階段委員の交代について|ベランダ等の蜂の巣にご注意ください|令和 8 年 8 月千葉豪雨に学ぶ：団地で命を守る「新・防災基準」
2026,8,タウンタウン 2026年8月号,https://drive.google.com/open?id=16NHUiV_R4j_EK6gPpZ7UtWmfeRsH9FLi&usp=drive_fs,0,野生動物（タヌキ）の目撃情報と適切な対応について|夏場のドア・ベランダ開放による小動物の侵入に注意！|日本赤十字社の募金ご報告と感謝|身近に迫る「電話de詐欺」！怪しい電話はすぐ切って相談を！|室内でも油断禁物！正しい知識で夏の熱中症を防ぎましょう
2026,7,タウンタウン 2026年7月号,https://drive.google.com/open?id=1u5jYU2JXVd4onybghp1-DAiLHsvzJy9v&usp=drive_fs,0,非常用自動販売機の設置場所変更のお知らせ|夏休みラジオ体操への参加について|可燃ごみ指定袋の品薄に伴う臨時措置|クリーン船橋530の日について
2026,6,タウンタウン 2026年6月号,https://drive.google.com/open?id=1JHLLoYCNKlDY7kA7OKenWtVmnZWpc4ZM&usp=drive_fs,0,鯉のぼり掲揚の報告と行事中止について|災害対応型自動販売機の設置について|ハクビシンの出没にご注意ください|可燃ごみ指定袋の品薄に伴う臨時措置|災害時準備金アンケート結果のご報告
2026,4,タウンタウン 2026年4月号,https://drive.google.com/open?id=1VkmqWmx_8t5jyw--KViRFJb9rxTYEqVO&usp=drive_fs,0,定期総会報告|防犯ボランティア募集中です！|令和8年度 小室地区の主な行事予定|ガス管入替工事実施に伴うご注意とお願い
2026,2,タウンタウン 2026年2月号,https://drive.google.com/open?id=1r0r2IY-GN3vc4kwHCCDCjS2a1AboLLl_&usp=drive_fs,0,民生委員・児童委員の交代について|2月の地区イベントについて|「赤い羽根共同募金」について|乾燥する季節、その「うっかり」が火事のもと！|買い物中の財布の盗難、紛失に注意！|タウンタウン2026年1月号の誤記についてのお詫び
2026,1,タウンタウン 2026年1月号,https://drive.google.com/open?id=1nhFWbH5igWa3TVHOjhCDXLRdGE2jUTEO&usp=drive_fs,0,2026年度新自治会役員選出について|防災品（非常用トイレセット）の配付について|夜間パトロール及び正月電飾について|清掃工場の施設見学会|SNSに潜む罠！甘い言葉に要注意！
2025,12,タウンタウン 2025年12月号,https://drive.google.com/open?id=1T_Xeksn_hviYp7ZJy1VyXV9VJ_LXqR6f&usp=drive_fs,0,船橋市総合防災訓練について|非常用トイレセットの配布について|施設見学会のお知らせ|共同募金について|クリスマス電飾について|年末の夜間パトロールについて|年末のお餅/お茶配布について|福祉まつり会場誤記に関するお詫び
2025,11,タウンタウン 2025年11月号,https://drive.google.com/open?id=11vA-iLlON3ZGXuLeIQuaqT19q7fTQCS_&usp=drive_fs,0,第45回「船橋をきれいにする日」について|船橋市総合防災訓練について|防災用品の配付について|各種イベントについて|ATMでの現金盗難について|小室地区敬老祝賀会について|クリスマス/正月電飾について
2025,10,タウンタウン 2025年10月号,https://drive.google.com/open?id=1SbLjNUH4BWQ-kpGpm16mSHFW9_wk8deu&usp=drive_fs,0,小室地区敬老祝賀会について|階段委員の交代について|日本赤十字社の募金について|ゴミ出しについて|船橋市役所および福祉組織で実施している身近な困りごとのサービスの紹介
2025,8,タウンタウン 2025年8月号,https://drive.google.com/open?id=1HFvOP46HKuVP8lurCjZZOJDPfZpeHicH&usp=drive_fs,0,地震体験及び煙中体験の防災訓練の報告|高齢者・重度障害者向け家具転倒防止器具設置補助事業について|アンデルセン公園ウォークラリーについて|総務省やNTTをかたる不審な電話にご注意ください！|振り込め詐欺防止装置の無料貸出について
2025,7,タウンタウン 2025年7月号,https://drive.google.com/open?id=1oH84tXPtnCUieJMkKN_kgzYKqg270Nuq&usp=drive_fs,0,令和7年度船橋市住まいの防犯対策補助金|地震体験・煙中体験の防災訓練のご案内
2025,5,タウンタウン 2025年5月号,https://drive.google.com/open?id=1G18LbU7o0iT-xRPeRonc75_K0GQlmc6D&usp=drive_fs,0,定期総会報告|クリーン船橋（ゴミゼロ）の日|防犯ボランティア募集について
2025,2,タウンタウン 2025年2月号,https://drive.google.com/open?id=1UIMxrlQLe9PFcdTntHsFWxiI81A4xz2M&usp=drive_fs,0,「赤い羽根共同募金」及び「歳末助け合い募金」について|「船橋市社会福祉協議会 賛助会費」について|火災の予防について|自治会に入りませんか？
2025,1,タウンタウン 2025年1月号,https://drive.google.com/open?id=1upZtI5gS3EiEJXrfNJyltb8puKyRd-Y3&usp=drive_fs,0,2025年度新自治会役員選出について|清掃工場の施設見学会|次期小室地区連の役員及び事務局員の立候補と推薦について|夜間パトロール及び正月電飾について|盗難や寸借詐欺などに注意！|小室ハイランド自治会防災部会規約について
2024,12,タウンタウン 2024年12月号,https://drive.google.com/open?id=16LADktppNdBGXu-FSSfdg5B7iHjxsMkt&usp=drive_fs,0,船橋をきれいにする日について|船橋市総合防災訓練について|年末年始のごみ収集について|非常食の配布について|共同募金について|廃品回収などを語る不審者にご注意ください|クリスマス電飾について|年末の夜間パトロールについて|年末のお餅/お茶配布について
2024,11,タウンタウン 2024年11月号,https://drive.google.com/open?id=1atzk_cJgrA2XKTTIL2ezLe4o4XeyXmS2&usp=drive_fs,0,第44回「船橋をきれいにする日」について|船橋市総合防災訓練について|非常用食品の購入について|小室地区敬老祝賀会について|各種イベントについて|クリスマス/正月電飾について
2024,10,タウンタウン 2024年10月号,https://drive.google.com/open?id=1tlH4XwANo8-GnGPZFyf62DBIF7Pri0OS&usp=drive_fs,0,小室地区敬老祝賀会について|地震体験車（なまず号）が小室ハイランドに来ます|階段委員の交代について|日本赤十字社の募金ご報告
2024,7,タウンタウン 2024年7月号,https://drive.google.com/open?id=1hnzTZ09Hs5yZKUdJUyTpuCVP7YUzNvXg&usp=drive_fs,0,防犯ボランティア募集中です！|小室ハイランド自治会防災部会規約について|小室地区連絡協議会合同役員会から
2024,6,タウンタウン 2024年6月号,https://drive.google.com/open?id=1MRip1F1Ack7LeSkkOovDjatrN9fscx4F&usp=drive_fs,0,クリーン船橋（ゴミゼロ）の日|船橋市自治会連合協議会（自連協）常任理事会報告
2024,5,タウンタウン 2024年5月号,https://drive.google.com/open?id=1zsbYL51FKEfi7bRSVZoovhieJoZGeCCx&usp=drive_fs,0,鯉のぼりの掲揚について|クリーン船橋（ゴミゼロ）の日|小室地区連行事日程|小室地域の交流の場について
2024,4,タウンタウン 2024年4月号,https://drive.google.com/open?id=1Z2dgrdHYfmEvPJLNW_3b0-pEjtXK0UQv&usp=drive_fs,0,定期総会報告|生活バスの運行停止について|小室地区の要望アンケート実施について|寸借詐欺について
2024,3,タウンタウン 2024年3月号,https://drive.google.com/open?id=1ETfDRNWWftq3GZtxQU6oLayUxGTDJFC8&usp=drive_fs,0,令和6年度自治会総会について|自治会に入りませんか？|南部清掃工場見学|小室中学校卒業式
2024,2,タウンタウン 2024年2月号,https://drive.google.com/open?id=1mds7yx--CIiViEWZuasg3oWfhWGsMH8p&usp=drive_fs,0,令和6年度の自治会役員について|災害への備えについて|大谷翔平さんからのグローブ|船橋市社会福祉協議会募金について|正月電飾について|夜間パトロールについて|お餅/お茶配布について
2024,1,タウンタウン 2024年1月号,https://drive.google.com/open?id=1HZWRIW_MH3L4uVvdd-iB7uHEusHq_Qz-&usp=drive_fs,0,年末年始のごみ収集について|「あらためてよく知ろう介護保険」講座について|年末の夜間防犯パトロールについて|歳末たすけあい募金のご報告|2024年度新自治会役員選出について
2023,12,タウンタウン 2023年12月号,https://drive.google.com/open?id=1VcdhBfuIzzU-Hg0UNwrXak4k7boL26RE&usp=drive_fs,0,非常食の配布について|船橋市総合防災訓練について|日本赤十字社の募金について|赤い羽根の共同募金について|クリスマス電飾について|年末の夜間パトロールについて|年末のお餅/お茶配布について
2023,11,タウンタウン 2023年11月号,https://drive.google.com/open?id=1eFrFKNIWqMjv9yx5-PU7pWCDNwlhHuh7&usp=drive_fs,0,第43回「船橋をきれいにする日」について|船橋市総合防災訓練について|小室地区敬老祝賀会について|各種イベントについて|クリスマス/正月電飾について
2023,10,タウンタウン 2023年10月号,https://drive.google.com/open?id=1nOA91IMOALHMGBlN6dHfps82mK4ac1-I&usp=drive_fs,0,小室地区敬老祝賀会について|非常食の配布について|階段委員の交代について|令和5年度船橋総合防災訓練|第3回小室フェス2023秋|令和5年度 小室ハイランド自治会 各棟役員|船橋市役所および福祉組織で実施している身近な困りごとのサービスの紹介
2023,8,タウンタウン 2023年8月号,https://drive.google.com/open?id=1RGLDrfU4VIggpLNzFeaq21JeTCo73c_5&usp=drive_fs,0,敬老会について|送付物アンケート|資源ごみの出し方について|起震車について
2023,7,タウンタウン 2023年7月号,https://drive.google.com/open?id=1SU9I0PLBHlZLjO7CSIoI-P9zVR7tPWid&usp=drive_fs,0,地区連合同役員会報告|地震体験車（なまず号）が小室ハイランドに来ます|民生委員・児童委員による生活実態説明会|防犯パトロール
2023,6,タウンタウン 2023年6月号,https://drive.google.com/open?id=1UXfujJmtMaCWHtDN-QwanHjAQGDiw3RR&usp=drive_fs,0,夏祭りについて|クリーン船橋530（ゴミゼロ）|ゴミ出しについて
2023,5,タウンタウン 2023年5月号,https://drive.google.com/open?id=1E5iUZJfeHNECUyWKf_jXraICQJkwz8hd&usp=drive_fs,0,小室地区連の報告|ハイランド自治会の報告|鯉のぼりが飾られました|クリーン船橋（ゴミゼロ）の日|ルールを守ってゴミを出しましょう！|防火防犯部
